{
  "accuracy": 0.9886363636363636,
  "classification_report": {
    "Simple": {
      "precision": 0.9782608695652174,
      "recall": 1.0,
      "f1-score": 0.989010989010989,
      "support": 45.0
    },
    "Complex": {
      "precision": 1.0,
      "recall": 0.9767441860465116,
      "f1-score": 0.9882352941176471,
      "support": 43.0
    },
    "accuracy": 0.9886363636363636,
    "macro avg": {
      "precision": 0.9891304347826086,
      "recall": 0.9883720930232558,
      "f1-score": 0.9886231415643181,
      "support": 88.0
    },
    "weighted avg": {
      "precision": 0.9888833992094862,
      "recall": 0.9886363636363636,
      "f1-score": 0.9886319562790152,
      "support": 88.0
    }
  },
  "confusion_matrix": [
    [
      45,
      0
    ],
    [
      1,
      42
    ]
  ],
  "predictions": {
    "y_true": [
      1,
      0,
      1,
      1,
      0,
      1,
      1,
      0,
      1,
      0,
      1,
      0,
      0,
      1,
      1,
      1,
      0,
      0,
      0,
      0,
      0,
      0,
      0,
      0,
      0,
      1,
      0,
      1,
      1,
      1,
      0,
      1,
      0,
      1,
      0,
      1,
      1,
      0,
      0,
      1,
      0,
      0,
      1,
      1,
      0,
      0,
      1,
      0,
      0,
      1,
      0,
      1,
      1,
      0,
      1,
      0,
      1,
      0,
      1,
      0,
      1,
      0,
      1,
      1,
      1,
      1,
      1,
      0,
      0,
      0,
      1,
      0,
      1,
      0,
      1,
      0,
      1,
      1,
      0,
      1,
      0,
      0,
      0,
      0,
      1,
      1,
      1,
      0
    ],
    "y_pred": [
      1,
      0,
      1,
      1,
      0,
      1,
      1,
      0,
      1,
      0,
      1,
      0,
      0,
      1,
      1,
      1,
      0,
      0,
      0,
      0,
      0,
      0,
      0,
      0,
      0,
      1,
      0,
      0,
      1,
      1,
      0,
      1,
      0,
      1,
      0,
      1,
      1,
      0,
      0,
      1,
      0,
      0,
      1,
      1,
      0,
      0,
      1,
      0,
      0,
      1,
      0,
      1,
      1,
      0,
      1,
      0,
      1,
      0,
      1,
      0,
      1,
      0,
      1,
      1,
      1,
      1,
      1,
      0,
      0,
      0,
      1,
      0,
      1,
      0,
      1,
      0,
      1,
      1,
      0,
      1,
      0,
      0,
      0,
      0,
      1,
      1,
      1,
      0
    ],
    "y_proba": [
      [
        0.0003312972839921713,
        0.9996687173843384
      ],
      [
        0.9955853223800659,
        0.004414633847773075
      ],
      [
        0.00029873012681491673,
        0.999701201915741
      ],
      [
        0.0003298632800579071,
        0.999670147895813
      ],
      [
        0.9963840246200562,
        0.0036160186864435673
      ],
      [
        0.0002930874179583043,
        0.9997069239616394
      ],
      [
        0.0015882523730397224,
        0.9984117746353149
      ],
      [
        0.996731162071228,
        0.0032688863575458527
      ],
      [
        0.0003508487425278872,
        0.999649167060852
      ],
      [
        0.9958394765853882,
        0.004160588141530752
      ],
      [
        0.0003508487425278872,
        0.999649167060852
      ],
      [
        0.9960924983024597,
        0.003907437436282635
      ],
      [
        0.9957426190376282,
        0.004257334861904383
      ],
      [
        0.00039836252108216286,
        0.9996016621589661
      ],
      [
        0.00031614743056707084,
        0.9996838569641113
      ],
      [
        0.00031831138767302036,
        0.9996817111968994
      ],
      [
        0.996421217918396,
        0.003578759962692857
      ],
      [
        0.9961329698562622,
        0.0038670834619551897
      ],
      [
        0.9963840246200562,
        0.0036160186864435673
      ],
      [
        0.9958664178848267,
        0.004133591428399086
      ],
      [
        0.9956195950508118,
        0.004380331374704838
      ],
      [
        0.9960737228393555,
        0.003926320467144251
      ],
      [
        0.9958815574645996,
        0.004118478856980801
      ],
      [
        0.9962559938430786,
        0.003743949346244335
      ],
      [
        0.9958664178848267,
        0.004133591428399086
      ],
      [
        0.00033754805917851627,
        0.9996623992919922
      ],
      [
        0.9958394765853882,
        0.004160588141530752
      ],
      [
        0.545749843120575,
        0.45425018668174744
      ],
      [
        0.0003033433749806136,
        0.9996967315673828
      ],
      [
        0.00035076349740847945,
        0.9996492862701416
      ],
      [
        0.9955845475196838,
        0.004415491130203009
      ],
      [
        0.0004317617858760059,
        0.9995682835578918
      ],
      [
        0.9958664178848267,
        0.004133591428399086
      ],
      [
        0.00037925815558992326,
        0.9996206760406494
      ],
      [
        0.9958664178848267,
        0.004133591428399086
      ],
      [
        0.00038654307718388736,
        0.9996134638786316
      ],
      [
        0.0003100206085946411,
        0.999690055847168
      ],
      [
        0.9968006610870361,
        0.0031993689481168985
      ],
      [
        0.9966018199920654,
        0.003398183034732938
      ],
      [
        0.00033754282048903406,
        0.9996625185012817
      ],
      [
        0.9958522319793701,
        0.00414773216471076
      ],
      [
        0.9962155222892761,
        0.0037845009937882423
      ],
      [
        0.00029815651942044497,
        0.9997017979621887
      ],
      [
        0.0003990103432442993,
        0.9996010661125183
      ],
      [
        0.9957596659660339,
        0.004240373149514198
      ],
      [
        0.9662255644798279,
        0.03377445787191391
      ],
      [
        0.10508473217487335,
        0.8949152231216431
      ],
      [
        0.9970291256904602,
        0.002970925299450755
      ],
      [
        0.9960285425186157,
        0.003971483558416367
      ],
      [
        0.0034172337036579847,
        0.9965828061103821
      ],
      [
        0.9967670440673828,
        0.003232977818697691
      ],
      [
        0.0005017653456889093,
        0.9994982481002808
      ],
      [
        0.000311383482767269,
        0.9996886253356934
      ],
      [
        0.9958328604698181,
        0.00416720611974597
      ],
      [
        0.0669548511505127,
        0.9330452084541321
      ],
      [
        0.9966018199920654,
        0.003398183034732938
      ],
      [
        0.00026440995861776173,
        0.9997355341911316
      ],
      [
        0.9959238767623901,
        0.0040761614218354225
      ],
      [
        0.0003410046047065407,
        0.9996589422225952
      ],
      [
        0.9966018199920654,
        0.003398183034732938
      ],
      [
        0.00030514519312418997,
        0.99969482421875
      ],
      [
        0.9956642985343933,
        0.00433565815910697
      ],
      [
        0.00044361958862282336,
        0.9995563626289368
      ],
      [
        0.00031478051096200943,
        0.9996852874755859
      ],
      [
        0.00030647238600067794,
        0.9996935129165649
      ],
      [
        0.0002788597485050559,
        0.999721109867096
      ],
      [
        0.00030320865334942937,
        0.9996968507766724
      ],
      [
        0.9960737228393555,
        0.003926320467144251
      ],
      [
        0.9957219362258911,
        0.004278017673641443
      ],
      [
        0.9966018199920654,
        0.003398183034732938
      ],
      [
        0.00029356058803386986,
        0.9997064471244812
      ],
      [
        0.9970191717147827,
        0.0029809025581926107
      ],
      [
        0.0003157838655170053,
        0.99968421459198
      ],
      [
        0.9964500665664673,
        0.003549981629475951
      ],
      [
